term,(1) Baseline,(2) + day FE,(3) issuer x size x day FE,(4) value-weighted
single,21.44,21.35,21.42,37.49
,(0.006),(0.162),(0.138),(0.546)
coin_USDT,0.49,0.53,,1.02
,(0.006),(0.160),,(0.370)
coin_PYUSD,9.10,9.15,,3.73
,(0.040),(0.529),,(1.394)
sz_2_10-100,-0.16,-0.16,,-2.52
,(0.012),(0.277),,(0.247)
sz_3_100-1k,3.53,3.46,,1.22
,(0.011),(0.301),,(0.237)
sz_4_1k-10k,4.65,4.46,,2.67
,(0.012),(0.269),,(0.241)
sz_5_10k-100k,6.03,5.74,,4.53
,(0.014),(0.286),,(0.290)
sz_6_100k+,11.74,11.42,,10.83
,(0.018),(0.307),,(0.338)
"Baseline mean, multi/USDC/$1-10 (%)",7.96,,,
Sample mean whole-dollar share (%),23.68,23.68,23.68,28.11
Transfers (N),"186,920,533","186,920,533","186,920,533","185,723,913"
Cells,36,"13,136","13,136","13,136"
Issuer FE / size FE,Yes,Yes,absorbed,Yes
Day FE,No,Yes,absorbed,Yes
Weights,transfers,transfers,transfers,"USD value, excl. mint/burn"
Standard errors,HC1,clustered (365),clustered (365),clustered (365)
