tx_type,cpty_cat,cpty_dir,n_transfers,share_of_transfers_pct,share_of_whole_dollar_transfers_pct,whole_dollar_pct,whole_cent_pct,x99_pct,value_weighted_whole_pct
single,unlabeled,none,79132484,76.65,82.35,35.88,53.82,0.235,49.87
single,cex,to,4936067,4.78,5.05,35.26,55.13,0.218,60.68
single,cex,from,4062107,3.93,3.22,27.29,57.36,0.379,43.96
single,defi,from,3830184,3.71,1.56,14.01,25.07,0.116,25.13
single,defi,to,2993317,2.9,1.06,12.23,15.63,0.034,13.44
single,other,to,2704476,2.62,2.26,28.83,50.62,0.196,59.96
single,other,from,2700504,2.62,2.3,29.33,43.15,0.139,71.89
single,issuer,from,774457,0.75,1.13,50.4,99.1,4.105,82.27
single,psp,to,760799,0.74,0.32,14.33,23.94,0.116,50.97
single,defi,both,526679,0.51,0.09,5.78,6.64,0.002,28.3
single,mint_burn,none,298339,0.29,0.28,32.5,47.51,0.334,99.97
single,psp,from,297860,0.29,0.08,8.74,13.03,0.051,63.32
single,issuer,to,160470,0.16,0.21,44.85,85.98,2.345,79.1
single,cex,both,33851,0.03,0.05,46.69,60.02,0.089,65.4
single,other,both,17901,0.02,0.02,37.46,45.23,0.084,49.96
single,issuer,both,15032,0.01,0.04,94.8,94.91,0.007,96.8
single,psp,both,783,0.0,0.0,2.3,93.87,1.149,0.63
multi,unlabeled,none,29009391,34.67,42.92,14.48,22.08,0.104,24.19
multi,defi,from,18749349,22.41,12.62,6.59,9.13,0.032,7.48
multi,defi,to,17877052,21.36,19.61,10.74,13.88,0.087,13.91
multi,cex,from,6760643,8.08,12.57,18.19,23.6,0.121,42.87
multi,defi,both,6519836,7.79,4.08,6.12,8.08,0.015,1.93
multi,other,from,2005647,2.4,3.05,14.88,16.4,0.068,33.34
multi,other,to,1245949,1.49,2.21,17.32,22.62,0.129,27.97
multi,mint_burn,none,898281,1.07,1.91,20.81,44.03,0.407,49.01
multi,cex,to,496312,0.59,0.91,17.86,25.44,0.107,36.67
multi,other,both,91904,0.11,0.05,5.06,5.85,0.008,15.51
multi,psp,from,10274,0.01,0.01,5.23,99.9,0.827,48.63
multi,issuer,to,7184,0.01,0.07,98.86,98.89,0.0,99.33
multi,cex,both,3086,0.0,0.01,24.43,32.34,0.0,89.06
multi,psp,to,315,0.0,0.0,72.38,90.16,0.635,67.85
