tx_type,size_bucket,count_share_whole_pct,value_share_whole_pct,usd_volume_share_pct
1_single,0_sub1,0.0,0.0,0.0
1_single,1_1-10,30.34,25.34,0.0
1_single,2_10-100,28.14,25.51,0.01
1_single,3_100-1k,32.88,31.32,0.08
1_single,4_1k-10k,35.9,33.89,0.5
1_single,5_10k-100k,37.72,36.69,1.91
1_single,6_100k+,45.89,49.76,45.67
2_multi,0_sub1,0.0,0.0,0.0
2_multi,1_1-10,7.99,6.55,0.0
2_multi,2_10-100,10.62,8.91,0.0
2_multi,3_100-1k,12.86,10.81,0.06
2_multi,4_1k-10k,11.42,10.4,0.42
2_multi,5_10k-100k,12.48,11.65,1.71
2_multi,6_100k+,14.87,8.53,49.63
