term,coef_pp,se_pp,t
const,8.184863350807182,0.010165707441148572,805.1444917327284
single,21.442855719445355,0.005935982264676912,3612.3517159147814
coin_USDT,0.4885249670011708,0.0060884688361616795,80.2377379513942
coin_PYUSD,9.09508013774258,0.04000005557532587,227.37668753022686
sz_10_100,-0.16203209128221174,0.01163121711469584,-13.93079414513611
sz_100_1k,3.5320784707553003,0.011331264973408884,311.71087067896127
sz_1k_10k,4.647460673621618,0.01168152940253082,397.8469354034017
sz_10k_100k,6.031105677423671,0.013840427905288223,435.76005877096287
sz_100k+,11.73928088024508,0.01829408535801858,641.698158202786
