coin,tx_type,size_bucket,n,pct_whole_dollar
PYUSD,1_single,0_sub1,4644,0.0
PYUSD,1_single,1_1-10,51753,57.3
PYUSD,1_single,2_10-100,602754,45.52
PYUSD,1_single,3_100-1k,367596,37.43
PYUSD,1_single,4_1k-10k,94356,31.84
PYUSD,1_single,5_10k-100k,15527,35.87
PYUSD,1_single,6_100k+,24366,36.49
PYUSD,2_multi,0_sub1,14386,0.0
PYUSD,2_multi,1_1-10,18540,10.63
PYUSD,2_multi,2_10-100,51553,17.85
PYUSD,2_multi,3_100-1k,68169,17.74
PYUSD,2_multi,4_1k-10k,55177,15.76
PYUSD,2_multi,5_10k-100k,39409,12.14
PYUSD,2_multi,6_100k+,41825,11.31
USDC,1_single,0_sub1,4210143,0.0
USDC,1_single,1_1-10,1778923,36.6
USDC,1_single,2_10-100,7836475,28.49
USDC,1_single,3_100-1k,13409475,30.7
USDC,1_single,4_1k-10k,10229593,32.25
USDC,1_single,5_10k-100k,4396214,32.59
USDC,1_single,6_100k+,2194906,44.14
USDC,2_multi,0_sub1,10223134,0.0
USDC,2_multi,1_1-10,4862832,7.96
USDC,2_multi,2_10-100,10531532,11.23
USDC,2_multi,3_100-1k,14191273,14.37
USDC,2_multi,4_1k-10k,11306831,12.22
USDC,2_multi,5_10k-100k,5054842,13.89
USDC,2_multi,6_100k+,2349308,17.62
USDT,1_single,0_sub1,8217779,0.0
USDT,1_single,1_1-10,2953366,26.32
USDT,1_single,2_10-100,15629287,27.28
USDT,1_single,3_100-1k,21353272,34.14
USDT,1_single,4_1k-10k,14564406,38.44
USDT,1_single,5_10k-100k,5525173,41.65
USDT,1_single,6_100k+,2217868,47.76
USDT,2_multi,0_sub1,15524817,0.0
USDT,2_multi,1_1-10,3303298,8.39
USDT,2_multi,2_10-100,7838189,9.97
USDT,2_multi,3_100-1k,10254314,10.92
USDT,2_multi,4_1k-10k,8555013,10.46
USDT,2_multi,5_10k-100k,3723160,10.76
USDT,2_multi,6_100k+,1429958,11.54