yr,coin,tx_type,n_total,n_whole_dollar,pct_whole_dollar
2023,PYUSD,1_single,18913,5840,30.878
2024,PYUSD,1_single,300885,99531,33.079
2025,PYUSD,1_single,1160996,486152,41.874
2023,PYUSD,2_multi,7474,2758,36.901
2024,PYUSD,2_multi,67645,10285,15.204
2025,PYUSD,2_multi,289059,41477,14.349
2023,USDC,1_single,12018179,4731603,39.37
2024,USDC,1_single,15838749,5737629,36.225
2025,USDC,1_single,44055729,12701537,28.831
2023,USDC,2_multi,8560861,1569657,18.335
2024,USDC,2_multi,15190555,2379619,15.665
2025,USDC,2_multi,58519752,6106417,10.435
2023,USDT,1_single,35072468,14132658,40.296
2024,USDT,1_single,42978922,16859521,39.227
2025,USDT,1_single,70461151,21289491,30.215
2023,USDT,2_multi,9196427,1341108,14.583
2024,USDT,2_multi,16059907,1914279,11.92
2025,USDT,2_multi,50628749,3638645,7.187