chain,coin,tx_type,size_bucket,n,n_whole,n_cent,n_half,n_37,n_123456,sum_amt,sum_amt_whole
TRON,USDT,1_single,0_sub1,17345490,0,1195445,39022,1357,2288,3820404.521054,0
TRON,USDT,1_single,1_1-10,29833256,8205385,14606515,726358,28867,142,123101178.926029,42221122
TRON,USDT,1_single,2_10-100,174954408,76856121,134100179,4123673,367503,150,7947698505.196951,3419735041
TRON,USDT,1_single,3_100-1k,300516465,158059581,241331823,6406936,596770,177,113730014985.087328,60078998721
TRON,USDT,1_single,4_1k-10k,216996750,147927090,187736254,3304180,246117,72,665227921621.865558,458546070011
TRON,USDT,1_single,5_10k-100k,58664278,45063334,52250985,591157,46588,12,1620297071983.478236,1238996128729
TRON,USDT,1_single,6_100k+,11209307,9083588,10136552,77373,7010,7,5414940363562.462481,4080857523355
TRON,USDT,2_multi,0_sub1,942544,0,11819,1936,17,0,15307.620383,0
TRON,USDT,2_multi,1_1-10,2676353,2512572,2573273,16796,200,3,4269638.629992,3402632
TRON,USDT,2_multi,2_10-100,2337035,1467800,1924318,69492,2308,0,121083116.641215,78245413
TRON,USDT,2_multi,3_100-1k,3832405,2025207,2932426,189812,2792,1,1529837864.30894,827805685
TRON,USDT,2_multi,4_1k-10k,2475568,1354782,1694473,63533,1220,1,7328877838.522321,3998182068
TRON,USDT,2_multi,5_10k-100k,1588460,794457,868450,4861,590,0,47221888809.960173,21099748203
TRON,USDT,2_multi,6_100k+,183533,153307,162874,724,50,0,49653894111.025765,40047491010